month,partner,exports,,raw,check (col. c - col. e)
2000M01,IDN,186.32,,186.32,0
2000M02,IDN,188.6,,188.6,0
2000M03,IDN,222.76,,222.76,0
2000M04,IDN,208.67,,208.67,0
2000M05,IDN,227.92,,227.92,0
2000M06,IDN,244.36,,244.36,0
2000M07,IDN,246.11,,246.11,0
2000M08,IDN,266.87,,266.87,0
2000M09,IDN,253.54,,253.54,0
2000M10,IDN,257.03,,257.03,0
2000M11,IDN,238.66,,238.66,0
2000M12,IDN,226.86,,226.86,0
2001M01,IDN,217.87,,217.87,0
2001M02,IDN,186.5,,186.5,0
2001M03,IDN,194.18,,194.18,0
2001M04,IDN,167.87,,167.87,0
2001M05,IDN,182.39,,182.39,0
2001M06,IDN,177.25,,177.25,0
2001M07,IDN,188.41,,188.41,0
2001M08,IDN,192.24,,192.24,0
2001M09,IDN,166.62,,166.62,0
2001M10,IDN,187.87,,187.87,0
2001M11,IDN,175.13,,175.13,0
2001M12,IDN,164.34,,164.34,0
2002M01,IDN,178.23,,178.23,0
2002M02,IDN,175.93,,175.93,0
2002M03,IDN,200.58,,200.58,0
2002M04,IDN,216.12,,216.12,0
2002M05,IDN,231.32,,231.32,0
2002M06,IDN,225.96,,225.96,0
2002M07,IDN,273.37,,273.37,0
2002M08,IDN,274.33,,274.33,0
2002M09,IDN,270.25,,270.25,0
2002M10,IDN,288.94,,288.94,0
2002M11,IDN,282.89,,282.89,0
2002M12,IDN,285.02,,285.02,0
2003M01,IDN,299.64,,299.64,0
2003M02,IDN,289.41,,289.41,0
2003M03,IDN,309.01,,309.01,0
2003M04,IDN,326.91,,326.91,0
2003M05,IDN,313.73,,313.73,0
2003M06,IDN,302.83,,302.83,0
2003M07,IDN,331.31,,331.31,0
2003M08,IDN,314.24,,314.24,0
2003M09,IDN,330.84,,330.84,0
2003M10,IDN,356.97,,356.97,0
2003M11,IDN,308.5,,308.5,0
2003M12,IDN,319.14,,319.14,0
2004M01,IDN,328.26,,328.26,0
2004M02,IDN,308.89,,308.89,0
2004M03,IDN,363.1,,363.1,0
2004M04,IDN,337.24,,337.24,0
2004M05,IDN,323.24,,323.24,0
2004M06,IDN,380.02,,380.02,0
2004M07,IDN,405.79,,405.79,0
2004M08,IDN,406.03,,406.03,0
2004M09,IDN,427.64,,427.64,0
2004M10,IDN,437,,437,0
2004M11,IDN,455.24,,455.24,0
2004M12,IDN,432.28,,432.28,0
2005M01,IDN,466.98,,466.98,0
2005M02,IDN,459.14,,459.14,0
2005M03,IDN,543.63,,543.63,0
2005M04,IDN,542.81,,542.81,0
2005M05,IDN,544.5,,544.5,0
2005M06,IDN,538.92,,538.92,0
2005M07,IDN,554.41,,554.41,0
2005M08,IDN,622.68,,622.68,0
2005M09,IDN,622.14,,622.14,0
2005M10,IDN,608.06,,608.06,0
2005M11,IDN,583.31,,583.31,0
2005M12,IDN,575.77,,575.77,0
2006M01,IDN,637.57,,637.57,0
2006M02,IDN,628.11,,628.11,0
2006M03,IDN,624.01,,624.01,0
2006M04,IDN,659.95,,659.95,0
2006M05,IDN,678.33,,678.33,0
2006M06,IDN,710.34,,710.34,0
2006M07,IDN,730.26,,730.26,0
2006M08,IDN,735.65,,735.65,0
2006M09,IDN,747.14,,747.14,0
2006M10,IDN,680.18,,680.18,0
2006M11,IDN,709.23,,709.23,0
2006M12,IDN,802.81,,802.81,0
2007M01,IDN,702.77,,702.77,0
2007M02,IDN,696.59,,696.59,0
2007M03,IDN,774.67,,774.67,0
2007M04,IDN,763.93,,763.93,0
2007M05,IDN,820.92,,820.92,0
2007M06,IDN,817.14,,817.14,0
2007M07,IDN,832.33,,832.33,0
2007M08,IDN,826.54,,826.54,0
2007M09,IDN,810.51,,810.51,0
2007M10,IDN,852.22,,852.22,0
2007M11,IDN,849.04,,849.04,0
2007M12,IDN,928.85,,928.85,0
2008M01,IDN,931.23,,931.23,0
2008M02,IDN,880.32,,880.32,0
2008M03,IDN,974.26,,974.26,0
2008M04,IDN,917.28,,917.28,0
2008M05,IDN,1062.4,,"1,062.40",0
2008M06,IDN,1063.02,,"1,063.02",0
2008M07,IDN,1050.98,,"1,050.98",0
2008M08,IDN,1042.6,,"1,042.60",0
2008M09,IDN,1097.48,,"1,097.48",0
2008M10,IDN,982.25,,982.25,0
2008M11,IDN,842.88,,842.88,0
2008M12,IDN,791.8,,791.8,0
2009M01,IDN,681.96,,681.96,0
2009M02,IDN,734.47,,734.47,0
2009M03,IDN,845.34,,845.34,0
2009M04,IDN,808.48,,808.48,0
2009M05,IDN,931.34,,931.34,0
2009M06,IDN,989.83,,989.83,0
2009M07,IDN,1004.57,,"1,004.57",0
2009M08,IDN,1066.6,,"1,066.60",0
2009M09,IDN,988.91,,988.91,0
2009M10,IDN,1153.49,,"1,153.49",0
2009M11,IDN,1020.97,,"1,020.97",0
2009M12,IDN,1273.37,,"1,273.37",0
2010M01,IDN,1076.67,,"1,076.67",0
2010M02,IDN,1069.14,,"1,069.14",0
2010M03,IDN,1185.49,,"1,185.49",0
2010M04,IDN,1092.08,,"1,092.08",0
2010M05,IDN,1131.83,,"1,131.83",0
2010M06,IDN,1111.61,,"1,111.61",0
2010M07,IDN,1070.2,,"1,070.20",0
2010M08,IDN,1299.92,,"1,299.92",0
2010M09,IDN,1175.48,,"1,175.48",0
2010M10,IDN,1420.13,,"1,420.13",0
2010M11,IDN,1995.97,,"1,995.97",0
2010M12,IDN,2064.1,,"2,064.10",0
2011M01,IDN,1293.14,,"1,293.14",0
2011M02,IDN,1338.66,,"1,338.66",0
2011M03,IDN,1365.75,,"1,365.75",0
2011M04,IDN,1679.64,,"1,679.64",0
2011M05,IDN,1906.87,,"1,906.87",0
2011M06,IDN,2046.74,,"2,046.74",0
2011M07,IDN,2047.82,,"2,047.82",0
2011M08,IDN,2017.52,,"2,017.52",0
2011M09,IDN,2122.04,,"2,122.04",0
2011M10,IDN,2393.36,,"2,393.36",0
2011M11,IDN,2430.22,,"2,430.22",0
2011M12,IDN,2299.25,,"2,299.25",0
2012M01,IDN,1397.7,,"1,397.70",0
2012M02,IDN,1622.65,,"1,622.65",0
2012M03,IDN,2133.47,,"2,133.47",0
2012M04,IDN,2098.04,,"2,098.04",0
2012M05,IDN,1883.13,,"1,883.13",0
2012M06,IDN,1660.38,,"1,660.38",0
2012M07,IDN,1622.92,,"1,622.92",0
2012M08,IDN,1355.94,,"1,355.94",0
2012M09,IDN,1715.03,,"1,715.03",0
2012M10,IDN,1932.86,,"1,932.86",0
2012M11,IDN,2170.07,,"2,170.07",0
2012M12,IDN,2067.31,,"2,067.31",0
2013M01,IDN,1634.88,,"1,634.88",0
2013M02,IDN,1893.69,,"1,893.69",0
2013M03,IDN,1855.25,,"1,855.25",0
2013M04,IDN,1827.08,,"1,827.08",0
2013M05,IDN,1941.79,,"1,941.79",0
2013M06,IDN,1624.23,,"1,624.23",0
2013M07,IDN,1790.48,,"1,790.48",0
2013M08,IDN,1593.39,,"1,593.39",0
2013M09,IDN,1722.57,,"1,722.57",0
2013M10,IDN,1885.95,,"1,885.95",0
2013M11,IDN,2296.41,,"2,296.41",0
2013M12,IDN,2535.75,,"2,535.75",0
2014M01,IDN,1874.55,,"1,874.55",0
2014M02,IDN,1700.37,,"1,700.37",0
2014M03,IDN,1570.31,,"1,570.31",0
2014M04,IDN,1315.97,,"1,315.97",0
2014M05,IDN,1492.71,,"1,492.71",0
2014M06,IDN,1376.33,,"1,376.33",0
2014M07,IDN,1301.35,,"1,301.35",0
2014M08,IDN,1229.69,,"1,229.69",0
2014M09,IDN,1379.18,,"1,379.18",0
2014M10,IDN,1399.42,,"1,399.42",0
2014M11,IDN,1462.19,,"1,462.19",0
2014M12,IDN,1504.15,,"1,504.15",0
2015M01,IDN,1252.98,,"1,252.98",0
2015M02,IDN,1150.15,,"1,150.15",0
2015M03,IDN,1262.94,,"1,262.94",0
2015M04,IDN,1255.38,,"1,255.38",0
2015M05,IDN,1273.33,,"1,273.33",0
2015M06,IDN,1332.4,,"1,332.40",0
2015M07,IDN,1190.51,,"1,190.51",0
2015M08,IDN,1284.08,,"1,284.08",0
2015M09,IDN,1155.85,,"1,155.85",0
2015M10,IDN,1287.72,,"1,287.72",0
2015M11,IDN,1214.52,,"1,214.52",0
2015M12,IDN,1384.79,,"1,384.79",0
2016M01,IDN,1036.45,,"1,036.45",0
2016M02,IDN,1111.81,,"1,111.81",0
2016M03,IDN,1201.45,,"1,201.45",0
2016M04,IDN,1166.84,,"1,166.84",0
2016M05,IDN,1087.58,,"1,087.58",0
2016M06,IDN,1389.02,,"1,389.02",0
2016M07,IDN,1097.46,,"1,097.46",0
2016M08,IDN,1460.8,,"1,460.80",0
2016M09,IDN,1454.29,,"1,454.29",0
2016M10,IDN,1827.25,,"1,827.25",0
2016M11,IDN,1922.26,,"1,922.26",0
2016M12,IDN,2035.59,,"2,035.59",0
2017M01,IDN,1701.77,,"1,701.77",0
2017M02,IDN,1456.89,,"1,456.89",0
2017M03,IDN,2013.53,,"2,013.53",0
2017M04,IDN,1627.64,,"1,627.64",0
2017M05,IDN,1573.84,,"1,573.84",0
2017M06,IDN,1512.92,,"1,512.92",0
2017M07,IDN,1736.67,,"1,736.67",0
2017M08,IDN,2053.88,,"2,053.88",0
2017M09,IDN,2062.46,,"2,062.46",0
2017M10,IDN,2578.17,,"2,578.17",0
2017M11,IDN,2352.1,,"2,352.10",0
2017M12,IDN,2379.42,,"2,379.42",0
2018M01,IDN,2112.68,,"2,112.68",0
2018M02,IDN,2165.8,,"2,165.80",0
2018M03,IDN,2501.84,,"2,501.84",0
2018M04,IDN,2039.77,,"2,039.77",0
2018M05,IDN,2306.23,,"2,306.23",0
2018M06,IDN,2222.43,,"2,222.43",0
2018M07,IDN,2458.43,,"2,458.43",0
2018M08,IDN,2275.28,,"2,275.28",0
2018M09,IDN,2033.42,,"2,033.42",0
2018M10,IDN,2498.03,,"2,498.03",0
2018M11,IDN,2389.14,,"2,389.14",0
2018M12,IDN,2118.29,,"2,118.29",0
2019M01,IDN,1911.82,,"1,911.82",0
2019M02,IDN,1657.08,,"1,657.08",0
2019M03,IDN,2185.02,,"2,185.02",0
2019M04,IDN,2161.88,,"2,161.88",0
2019M05,IDN,2430.68,,"2,430.68",0
2019M06,IDN,1924.7,,"1,924.70",0
2019M07,IDN,2518.12,,"2,518.12",0
2019M08,IDN,2451.36,,"2,451.36",0
2019M09,IDN,2572.38,,"2,572.38",0
2019M10,IDN,2904.87,,"2,904.87",0
2019M11,IDN,2651.79,,"2,651.79",0
2019M12,IDN,2549.01,,"2,549.01",0
2000M01,MYS,182.32,,182.32,0
2000M02,MYS,203.96,,203.96,0
2000M03,MYS,209.65,,209.65,0
2000M04,MYS,201.38,,201.38,0
2000M05,MYS,220.81,,220.81,0
2000M06,MYS,266.51,,266.51,0
2000M07,MYS,281.05,,281.05,0
2000M08,MYS,280.48,,280.48,0
2000M09,MYS,290.64,,290.64,0
2000M10,MYS,321.26,,321.26,0
2000M11,MYS,251.45,,251.45,0
2000M12,MYS,318.66,,318.66,0
2001M01,MYS,266.5,,266.5,0
2001M02,MYS,315.9,,315.9,0
2001M03,MYS,301.78,,301.78,0
2001M04,MYS,289.79,,289.79,0
2001M05,MYS,271.66,,271.66,0
2001M06,MYS,265.73,,265.73,0
2001M07,MYS,289.09,,289.09,0
2001M08,MYS,342.87,,342.87,0
2001M09,MYS,375.26,,375.26,0
2001M10,MYS,341.81,,341.81,0
2001M11,MYS,345.97,,345.97,0
2001M12,MYS,414.62,,414.62,0
2002M01,MYS,342.98,,342.98,0
2002M02,MYS,316.86,,316.86,0
2002M03,MYS,442.98,,442.98,0
2002M04,MYS,414.12,,414.12,0
2002M05,MYS,387.49,,387.49,0
2002M06,MYS,426.01,,426.01,0
2002M07,MYS,516.17,,516.17,0
2002M08,MYS,477.77,,477.77,0
2002M09,MYS,454.78,,454.78,0
2002M10,MYS,473.02,,473.02,0
2002M11,MYS,489.62,,489.62,0
2002M12,MYS,511.66,,511.66,0
2003M01,MYS,440.31,,440.31,0
2003M02,MYS,409.72,,409.72,0
2003M03,MYS,553.14,,553.14,0
2003M04,MYS,521.42,,521.42,0
2003M05,MYS,587.51,,587.51,0
2003M06,MYS,520.5,,520.5,0
2003M07,MYS,556.45,,556.45,0
2003M08,MYS,659.88,,659.88,0
2003M09,MYS,553.54,,553.54,0
2003M10,MYS,622.26,,622.26,0
2003M11,MYS,644.14,,644.14,0
2003M12,MYS,741.17,,741.17,0
2004M01,MYS,592.4,,592.4,0
2004M02,MYS,569.65,,569.65,0
2004M03,MYS,731.28,,731.28,0
2004M04,MYS,724.62,,724.62,0
2004M05,MYS,706.34,,706.34,0
2004M06,MYS,690.31,,690.31,0
2004M07,MYS,676.25,,676.25,0
2004M08,MYS,749.82,,749.82,0
2004M09,MYS,834.23,,834.23,0
2004M10,MYS,724.86,,724.86,0
2004M11,MYS,733.9,,733.9,0
2004M12,MYS,726.47,,726.47,0
2005M01,MYS,629.74,,629.74,0
2005M02,MYS,663.19,,663.19,0
2005M03,MYS,804.31,,804.31,0
2005M04,MYS,718.43,,718.43,0
2005M05,MYS,694.88,,694.88,0
2005M06,MYS,759.23,,759.23,0
2005M07,MYS,645.18,,645.18,0
2005M08,MYS,747.36,,747.36,0
2005M09,MYS,866.46,,866.46,0
2005M10,MYS,915.39,,915.39,0
2005M11,MYS,816.44,,816.44,0
2005M12,MYS,1042.48,,"1,042.48",0
2006M01,MYS,678.09,,678.09,0
2006M02,MYS,738.16,,738.16,0
2006M03,MYS,816.77,,816.77,0
2006M04,MYS,861.88,,861.88,0
2006M05,MYS,863.63,,863.63,0
2006M06,MYS,996.52,,996.52,0
2006M07,MYS,1093.8,,"1,093.80",0
2006M08,MYS,1194.11,,"1,194.11",0
2006M09,MYS,1167.32,,"1,167.32",0
2006M10,MYS,980.97,,980.97,0
2006M11,MYS,1097.43,,"1,097.43",0
2006M12,MYS,1157.42,,"1,157.42",0
2007M01,MYS,1193.4,,"1,193.40",0
2007M02,MYS,862.39,,862.39,0
2007M03,MYS,1143.96,,"1,143.96",0
2007M04,MYS,1043.77,,"1,043.77",0
2007M05,MYS,1186.21,,"1,186.21",0
2007M06,MYS,1188.1,,"1,188.10",0
2007M07,MYS,1196.77,,"1,196.77",0
2007M08,MYS,1524.96,,"1,524.96",0
2007M09,MYS,1485.03,,"1,485.03",0
2007M10,MYS,1556.81,,"1,556.81",0
2007M11,MYS,1499.97,,"1,499.97",0
2007M12,MYS,1570.39,,"1,570.39",0
2008M01,MYS,1371.54,,"1,371.54",0
2008M02,MYS,1190.73,,"1,190.73",0
2008M03,MYS,1340.85,,"1,340.85",0
2008M04,MYS,1782.53,,"1,782.53",0
2008M05,MYS,2127.13,,"2,127.13",0
2008M06,MYS,1752.52,,"1,752.52",0
2008M07,MYS,2198.97,,"2,198.97",0
2008M08,MYS,1952.24,,"1,952.24",0
2008M09,MYS,1775.03,,"1,775.03",0
2008M10,MYS,1381.54,,"1,381.54",0
2008M11,MYS,1141.21,,"1,141.21",0
2008M12,MYS,1034.65,,"1,034.65",0
2009M01,MYS,837.25,,837.25,0
2009M02,MYS,1129.95,,"1,129.95",0
2009M03,MYS,1437.04,,"1,437.04",0
2009M04,MYS,1419.72,,"1,419.72",0
2009M05,MYS,1409.36,,"1,409.36",0
2009M06,MYS,1487.7,,"1,487.70",0
2009M07,MYS,1680.61,,"1,680.61",0
2009M08,MYS,1870.2,,"1,870.20",0
2009M09,MYS,1925.11,,"1,925.11",0
2009M10,MYS,1998,,"1,998.00",0
2009M11,MYS,1856.69,,"1,856.69",0
2009M12,MYS,2151.3,,"2,151.30",0
2010M01,MYS,2102.57,,"2,102.57",0
2010M02,MYS,1634.7,,"1,634.70",0
2010M03,MYS,2395.14,,"2,395.14",0
2010M04,MYS,2024.74,,"2,024.74",0
2010M05,MYS,1953.96,,"1,953.96",0
2010M06,MYS,2022.95,,"2,022.95",0
2010M07,MYS,2071.37,,"2,071.37",0
2010M08,MYS,2128.46,,"2,128.46",0
2010M09,MYS,2054.98,,"2,054.98",0
2010M10,MYS,2038.93,,"2,038.93",0
2010M11,MYS,2278.63,,"2,278.63",0
2010M12,MYS,2205.63,,"2,205.63",0
2011M01,MYS,2221.32,,"2,221.32",0
2011M02,MYS,1979.34,,"1,979.34",0
2011M03,MYS,2845.95,,"2,845.95",0
2011M04,MYS,2337.99,,"2,337.99",0
2011M05,MYS,2351.63,,"2,351.63",0
2011M06,MYS,2447.44,,"2,447.44",0
2011M07,MYS,2714.91,,"2,714.91",0
2011M08,MYS,2819.79,,"2,819.79",0
2011M09,MYS,2789.52,,"2,789.52",0
2011M10,MYS,2698.74,,"2,698.74",0
2011M11,MYS,2325.66,,"2,325.66",0
2011M12,MYS,2421.16,,"2,421.16",0
2012M01,MYS,1926.86,,"1,926.86",0
2012M02,MYS,2336.12,,"2,336.12",0
2012M03,MYS,2523.14,,"2,523.14",0
2012M04,MYS,2651.26,,"2,651.26",0
2012M05,MYS,2296.36,,"2,296.36",0
2012M06,MYS,2612.32,,"2,612.32",0
2012M07,MYS,2220.33,,"2,220.33",0
2012M08,MYS,2412.28,,"2,412.28",0
2012M09,MYS,2494.33,,"2,494.33",0
2012M10,MYS,2348.88,,"2,348.88",0
2012M11,MYS,2490.98,,"2,490.98",0
2012M12,MYS,2468.77,,"2,468.77",0
2013M01,MYS,2136.5,,"2,136.50",0
2013M02,MYS,1923.32,,"1,923.32",0
2013M03,MYS,2551.96,,"2,551.96",0
2013M04,MYS,2304.3,,"2,304.30",0
2013M05,MYS,2538.54,,"2,538.54",0
2013M06,MYS,2096.82,,"2,096.82",0
2013M07,MYS,2586.27,,"2,586.27",0
2013M08,MYS,2782.07,,"2,782.07",0
2013M09,MYS,2690.58,,"2,690.58",0
2013M10,MYS,2797.88,,"2,797.88",0
2013M11,MYS,3121.81,,"3,121.81",0
2013M12,MYS,3181.12,,"3,181.12",0
2014M01,MYS,2527.08,,"2,527.08",0
2014M02,MYS,2225.18,,"2,225.18",0
2014M03,MYS,2374.19,,"2,374.19",0
2014M04,MYS,2441.15,,"2,441.15",0
2014M05,MYS,2363.93,,"2,363.93",0
2014M06,MYS,2009.61,,"2,009.61",0
2014M07,MYS,2221.41,,"2,221.41",0
2014M08,MYS,2243.02,,"2,243.02",0
2014M09,MYS,2487.35,,"2,487.35",0
2014M10,MYS,2232.21,,"2,232.21",0
2014M11,MYS,2547.5,,"2,547.50",0
2014M12,MYS,2531.17,,"2,531.17",0
2015M01,MYS,1799.02,,"1,799.02",0
2015M02,MYS,1609.28,,"1,609.28",0
2015M03,MYS,2256.01,,"2,256.01",0
2015M04,MYS,2227.96,,"2,227.96",0
2015M05,MYS,2242.95,,"2,242.95",0
2015M06,MYS,2584.32,,"2,584.32",0
2015M07,MYS,2467.02,,"2,467.02",0
2015M08,MYS,2322.83,,"2,322.83",0
2015M09,MYS,2103.26,,"2,103.26",0
2015M10,MYS,2159.11,,"2,159.11",0
2015M11,MYS,2261.03,,"2,261.03",0
2015M12,MYS,1954.18,,"1,954.18",0
2016M01,MYS,1497.35,,"1,497.35",0
2016M02,MYS,1549.44,,"1,549.44",0
2016M03,MYS,1915.87,,"1,915.87",0
2016M04,MYS,1728.07,,"1,728.07",0
2016M05,MYS,1750.39,,"1,750.39",0
2016M06,MYS,1881.81,,"1,881.81",0
2016M07,MYS,1812.12,,"1,812.12",0
2016M08,MYS,2313.46,,"2,313.46",0
2016M09,MYS,2182.44,,"2,182.44",0
2016M10,MYS,2275.21,,"2,275.21",0
2016M11,MYS,2521.6,,"2,521.60",0
2016M12,MYS,2291.91,,"2,291.91",0
2017M01,MYS,1921.13,,"1,921.13",0
2017M02,MYS,2152.95,,"2,152.95",0
2017M03,MYS,2468.55,,"2,468.55",0
2017M04,MYS,2306.23,,"2,306.23",0
2017M05,MYS,2488.32,,"2,488.32",0
2017M06,MYS,2289.04,,"2,289.04",0
2017M07,MYS,2186.89,,"2,186.89",0
2017M08,MYS,2637.89,,"2,637.89",0
2017M09,MYS,2706.95,,"2,706.95",0
2017M10,MYS,2708.37,,"2,708.37",0
2017M11,MYS,2707.89,,"2,707.89",0
2017M12,MYS,2828.1,,"2,828.10",0
2018M01,MYS,2552.44,,"2,552.44",0
2018M02,MYS,2208.55,,"2,208.55",0
2018M03,MYS,2675.21,,"2,675.21",0
2018M04,MYS,3191.98,,"3,191.98",0
2018M05,MYS,2908.75,,"2,908.75",0
2018M06,MYS,2860.01,,"2,860.01",0
2018M07,MYS,3191.28,,"3,191.28",0
2018M08,MYS,2890.76,,"2,890.76",0
2018M09,MYS,2734.97,,"2,734.97",0
2018M10,MYS,3635.24,,"3,635.24",0
2018M11,MYS,2783.17,,"2,783.17",0
2018M12,MYS,2757.16,,"2,757.16",0
2019M01,MYS,2677.67,,"2,677.67",0
2019M02,MYS,2086.59,,"2,086.59",0
2019M03,MYS,2862,,"2,862.00",0
2019M04,MYS,2806.88,,"2,806.88",0
2019M05,MYS,2703.87,,"2,703.87",0
2019M06,MYS,2419.22,,"2,419.22",0
2019M07,MYS,3234.23,,"3,234.23",0
2019M08,MYS,2743.62,,"2,743.62",0
2019M09,MYS,2592.11,,"2,592.11",0
2019M10,MYS,3244.05,,"3,244.05",0
2019M11,MYS,3016.46,,"3,016.46",0
2019M12,MYS,3294.37,,"3,294.37",0
2000M01,PHL,36.27,,36.27,0
2000M02,PHL,35.38,,35.38,0
2000M03,PHL,63.19,,63.19,0
2000M04,PHL,42.86,,42.86,0
2000M05,PHL,67.72,,67.72,0
2000M06,PHL,68.89,,68.89,0
2000M07,PHL,42.39,,42.39,0
2000M08,PHL,56.71,,56.71,0
2000M09,PHL,68.92,,68.92,0
2000M10,PHL,53,,53,0
2000M11,PHL,63.8,,63.8,0
2000M12,PHL,64.15,,64.15,0
2001M01,PHL,45.6,,45.6,0
2001M02,PHL,54.57,,54.57,0
2001M03,PHL,52.14,,52.14,0
2001M04,PHL,35.31,,35.31,0
2001M05,PHL,62.11,,62.11,0
2001M06,PHL,63.05,,63.05,0
2001M07,PHL,60.32,,60.32,0
2001M08,PHL,81.52,,81.52,0
2001M09,PHL,69.03,,69.03,0
2001M10,PHL,90.42,,90.42,0
2001M11,PHL,83.87,,83.87,0
2001M12,PHL,94.83,,94.83,0
2002M01,PHL,104.11,,104.11,0
2002M02,PHL,76.85,,76.85,0
2002M03,PHL,88.2,,88.2,0
2002M04,PHL,103.4,,103.4,0
2002M05,PHL,106.49,,106.49,0
2002M06,PHL,94.87,,94.87,0
2002M07,PHL,138.79,,138.79,0
2002M08,PHL,102.8,,102.8,0
2002M09,PHL,162.17,,162.17,0
2002M10,PHL,137.52,,137.52,0
2002M11,PHL,123.44,,123.44,0
2002M12,PHL,117.18,,117.18,0
2003M01,PHL,108.04,,108.04,0
2003M02,PHL,110.82,,110.82,0
2003M03,PHL,144.09,,144.09,0
2003M04,PHL,144.89,,144.89,0
2003M05,PHL,156.55,,156.55,0
2003M06,PHL,169.32,,169.32,0
2003M07,PHL,166.15,,166.15,0
2003M08,PHL,200.54,,200.54,0
2003M09,PHL,279.88,,279.88,0
2003M10,PHL,249.57,,249.57,0
2003M11,PHL,205.3,,205.3,0
2003M12,PHL,209.51,,209.51,0
2004M01,PHL,159.59,,159.59,0
2004M02,PHL,159.53,,159.53,0
2004M03,PHL,177.37,,177.37,0
2004M04,PHL,141.3,,141.3,0
2004M05,PHL,205.24,,205.24,0
2004M06,PHL,207.2,,207.2,0
2004M07,PHL,188.91,,188.91,0
2004M08,PHL,223.39,,223.39,0
2004M09,PHL,332.71,,332.71,0
2004M10,PHL,310.98,,310.98,0
2004M11,PHL,267.74,,267.74,0
2004M12,PHL,279.08,,279.08,0
2005M01,PHL,279.63,,279.63,0
2005M02,PHL,252.58,,252.58,0
2005M03,PHL,301.96,,301.96,0
2005M04,PHL,296.27,,296.27,0
2005M05,PHL,318.18,,318.18,0
2005M06,PHL,372.7,,372.7,0
2005M07,PHL,567.63,,567.63,0
2005M08,PHL,338.79,,338.79,0
2005M09,PHL,341.78,,341.78,0
2005M10,PHL,291.51,,291.51,0
2005M11,PHL,330.04,,330.04,0
2005M12,PHL,385.61,,385.61,0
2006M01,PHL,262.6,,262.6,0
2006M02,PHL,322.66,,322.66,0
2006M03,PHL,400.67,,400.67,0
2006M04,PHL,288.42,,288.42,0
2006M05,PHL,345.59,,345.59,0
2006M06,PHL,399.28,,399.28,0
2006M07,PHL,332.79,,332.79,0
2006M08,PHL,422.37,,422.37,0
2006M09,PHL,420.87,,420.87,0
2006M10,PHL,468.82,,468.82,0
2006M11,PHL,496.66,,496.66,0
2006M12,PHL,456.61,,456.61,0
2007M01,PHL,496.63,,496.63,0
2007M02,PHL,454.33,,454.33,0
2007M03,PHL,485.02,,485.02,0
2007M04,PHL,417.35,,417.35,0
2007M05,PHL,462.22,,462.22,0
2007M06,PHL,451.51,,451.51,0
2007M07,PHL,515.97,,515.97,0
2007M08,PHL,466.22,,466.22,0
2007M09,PHL,464.91,,464.91,0
2007M10,PHL,581.85,,581.85,0
2007M11,PHL,438.46,,438.46,0
2007M12,PHL,515.4,,515.4,0
2008M01,PHL,505.22,,505.22,0
2008M02,PHL,406.32,,406.32,0
2008M03,PHL,549.18,,549.18,0
2008M04,PHL,520.68,,520.68,0
2008M05,PHL,502.26,,502.26,0
2008M06,PHL,491.41,,491.41,0
2008M07,PHL,500.55,,500.55,0
2008M08,PHL,503.24,,503.24,0
2008M09,PHL,491.06,,491.06,0
2008M10,PHL,463.7,,463.7,0
2008M11,PHL,318.8,,318.8,0
2008M12,PHL,216.76,,216.76,0
2009M01,PHL,163.61,,163.61,0
2009M02,PHL,262.95,,262.95,0
2009M03,PHL,308.03,,308.03,0
2009M04,PHL,359.34,,359.34,0
2009M05,PHL,302.73,,302.73,0
2009M06,PHL,274.38,,274.38,0
2009M07,PHL,227.18,,227.18,0
2009M08,PHL,238.55,,238.55,0
2009M09,PHL,169.08,,169.08,0
2009M10,PHL,210.06,,210.06,0
2009M11,PHL,234.32,,234.32,0
2009M12,PHL,236.22,,236.22,0
2010M01,PHL,296.69,,296.69,0
2010M02,PHL,296.04,,296.04,0
2010M03,PHL,487.32,,487.32,0
2010M04,PHL,359.34,,359.34,0
2010M05,PHL,389.17,,389.17,0
2010M06,PHL,405.58,,405.58,0
2010M07,PHL,394.05,,394.05,0
2010M08,PHL,589.4,,589.4,0
2010M09,PHL,669.74,,669.74,0
2010M10,PHL,564.96,,564.96,0
2010M11,PHL,654.11,,654.11,0
2010M12,PHL,595.11,,595.11,0
2011M01,PHL,468.18,,468.18,0
2011M02,PHL,433.98,,433.98,0
2011M03,PHL,500.34,,500.34,0
2011M04,PHL,490.27,,490.27,0
2011M05,PHL,490.49,,490.49,0
2011M06,PHL,515.04,,515.04,0
2011M07,PHL,546.5,,546.5,0
2011M08,PHL,616.51,,616.51,0
2011M09,PHL,547.64,,547.64,0
2011M10,PHL,568.02,,568.02,0
2011M11,PHL,457.73,,457.73,0
2011M12,PHL,467.55,,467.55,0
2012M01,PHL,591.23,,591.23,0
2012M02,PHL,589,,589,0
2012M03,PHL,642.07,,642.07,0
2012M04,PHL,497.7,,497.7,0
2012M05,PHL,560.64,,560.64,0
2012M06,PHL,534.91,,534.91,0
2012M07,PHL,501.34,,501.34,0
2012M08,PHL,376.55,,376.55,0
2012M09,PHL,529.12,,529.12,0
2012M10,PHL,548.43,,548.43,0
2012M11,PHL,371.66,,371.66,0
2012M12,PHL,416.45,,416.45,0
2013M01,PHL,422.06,,422.06,0
2013M02,PHL,380.76,,380.76,0
2013M03,PHL,570.19,,570.19,0
2013M04,PHL,456.58,,456.58,0
2013M05,PHL,571.99,,571.99,0
2013M06,PHL,613.92,,613.92,0
2013M07,PHL,640.4,,640.4,0
2013M08,PHL,496.15,,496.15,0
2013M09,PHL,523.8,,523.8,0
2013M10,PHL,643.76,,643.76,0
2013M11,PHL,516.14,,516.14,0
2013M12,PHL,746.82,,746.82,0
2014M01,PHL,433.13,,433.13,0
2014M02,PHL,671.34,,671.34,0
2014M03,PHL,557.49,,557.49,0
2014M04,PHL,572.67,,572.67,0
2014M05,PHL,958.8,,958.8,0
2014M06,PHL,859.38,,859.38,0
2014M07,PHL,700.45,,700.45,0
2014M08,PHL,820.74,,820.74,0
2014M09,PHL,612.79,,612.79,0
2014M10,PHL,624.03,,624.03,0
2014M11,PHL,665.66,,665.66,0
2014M12,PHL,545.64,,545.64,0
2015M01,PHL,443.96,,443.96,0
2015M02,PHL,444.68,,444.68,0
2015M03,PHL,583.52,,583.52,0
2015M04,PHL,467.67,,467.67,0
2015M05,PHL,529.15,,529.15,0
2015M06,PHL,602.23,,602.23,0
2015M07,PHL,867.94,,867.94,0
2015M08,PHL,627.81,,627.81,0
2015M09,PHL,473.57,,473.57,0
2015M10,PHL,426.88,,426.88,0
2015M11,PHL,503.51,,503.51,0
2015M12,PHL,422.15,,422.15,0
2016M01,PHL,405.65,,405.65,0
2016M02,PHL,357.88,,357.88,0
2016M03,PHL,442.93,,442.93,0
2016M04,PHL,454.05,,454.05,0
2016M05,PHL,481,,481,0
2016M06,PHL,491.59,,491.59,0
2016M07,PHL,510.2,,510.2,0
2016M08,PHL,581.92,,581.92,0
2016M09,PHL,621.52,,621.52,0
2016M10,PHL,548.58,,548.58,0
2016M11,PHL,629.24,,629.24,0
2016M12,PHL,667.86,,667.86,0
2017M01,PHL,502.91,,502.91,0
2017M02,PHL,489.92,,489.92,0
2017M03,PHL,636.24,,636.24,0
2017M04,PHL,539.57,,539.57,0
2017M05,PHL,600.02,,600.02,0
2017M06,PHL,538.87,,538.87,0
2017M07,PHL,575.48,,575.48,0
2017M08,PHL,605.67,,605.67,0
2017M09,PHL,674.33,,674.33,0
2017M10,PHL,674.41,,674.41,0
2017M11,PHL,554.6,,554.6,0
2017M12,PHL,600.75,,600.75,0
2018M01,PHL,626.34,,626.34,0
2018M02,PHL,563.85,,563.85,0
2018M03,PHL,689.74,,689.74,0
2018M04,PHL,642.74,,642.74,0
2018M05,PHL,789.62,,789.62,0
2018M06,PHL,777.74,,777.74,0
2018M07,PHL,772.54,,772.54,0
2018M08,PHL,941.46,,941.46,0
2018M09,PHL,794.51,,794.51,0
2018M10,PHL,856.64,,856.64,0
2018M11,PHL,686.57,,686.57,0
2018M12,PHL,556.93,,556.93,0
2019M01,PHL,640.79,,640.79,0
2019M02,PHL,679.31,,679.31,0
2019M03,PHL,739.34,,739.34,0
2019M04,PHL,804.77,,804.77,0
2019M05,PHL,896.95,,896.95,0
2019M06,PHL,863.29,,863.29,0
2019M07,PHL,860.19,,860.19,0
2019M08,PHL,949.28,,949.28,0
2019M09,PHL,825.54,,825.54,0
2019M10,PHL,837.25,,837.25,0
2019M11,PHL,696.77,,696.77,0
2019M12,PHL,1020.96,,"1,020.96",0
2000M01,SGP,277.37,,277.37,0
2000M02,SGP,315.8,,315.8,0
2000M03,SGP,467.85,,467.85,0
2000M04,SGP,380.02,,380.02,0
2000M05,SGP,489.67,,489.67,0
2000M06,SGP,430.12,,430.12,0
2000M07,SGP,445.87,,445.87,0
2000M08,SGP,506.96,,506.96,0
2000M09,SGP,523.18,,523.18,0
2000M10,SGP,477.94,,477.94,0
2000M11,SGP,534.14,,534.14,0
2000M12,SGP,528.02,,528.02,0
2001M01,SGP,443.42,,443.42,0
2001M02,SGP,404.5,,404.5,0
2001M03,SGP,537.52,,537.52,0
2001M04,SGP,449.64,,449.64,0
2001M05,SGP,440.75,,440.75,0
2001M06,SGP,446.02,,446.02,0
2001M07,SGP,390.85,,390.85,0
2001M08,SGP,444.13,,444.13,0
2001M09,SGP,448.85,,448.85,0
2001M10,SGP,440.46,,440.46,0
2001M11,SGP,431.18,,431.18,0
2001M12,SGP,451.91,,451.91,0
2002M01,SGP,522.19,,522.19,0
2002M02,SGP,366.85,,366.85,0
2002M03,SGP,492.61,,492.61,0
2002M04,SGP,615.56,,615.56,0
2002M05,SGP,607.92,,607.92,0
2002M06,SGP,500.13,,500.13,0
2002M07,SGP,555.38,,555.38,0
2002M08,SGP,584.51,,584.51,0
2002M09,SGP,570.07,,570.07,0
2002M10,SGP,686.49,,686.49,0
2002M11,SGP,707.61,,707.61,0
2002M12,SGP,653.78,,653.78,0
2003M01,SGP,725.4,,725.4,0
2003M02,SGP,591.61,,591.61,0
2003M03,SGP,742.18,,742.18,0
2003M04,SGP,776.03,,776.03,0
2003M05,SGP,746.48,,746.48,0
2003M06,SGP,743.46,,743.46,0
2003M07,SGP,815.08,,815.08,0
2003M08,SGP,862.76,,862.76,0
2003M09,SGP,952.22,,952.22,0
2003M10,SGP,1004.53,,"1,004.53",0
2003M11,SGP,1007.54,,"1,007.54",0
2003M12,SGP,1166.88,,"1,166.88",0
2004M01,SGP,950.01,,950.01,0
2004M02,SGP,1108.63,,"1,108.63",0
2004M03,SGP,1133.67,,"1,133.67",0
2004M04,SGP,1232.12,,"1,232.12",0
2004M05,SGP,1202.55,,"1,202.55",0
2004M06,SGP,1239.52,,"1,239.52",0
2004M07,SGP,1245.04,,"1,245.04",0
2004M08,SGP,1240.06,,"1,240.06",0
2004M09,SGP,1507.84,,"1,507.84",0
2004M10,SGP,1459.55,,"1,459.55",0
2004M11,SGP,1474.44,,"1,474.44",0
2004M12,SGP,1598.28,,"1,598.28",0
2005M01,SGP,1429.82,,"1,429.82",0
2005M02,SGP,1122.37,,"1,122.37",0
2005M03,SGP,1554.04,,"1,554.04",0
2005M04,SGP,1512.42,,"1,512.42",0
2005M05,SGP,1577.39,,"1,577.39",0
2005M06,SGP,1482.42,,"1,482.42",0
2005M07,SGP,1648.29,,"1,648.29",0
2005M08,SGP,1853.19,,"1,853.19",0
2005M09,SGP,1751.34,,"1,751.34",0
2005M10,SGP,1933.83,,"1,933.83",0
2005M11,SGP,1827.61,,"1,827.61",0
2005M12,SGP,2059.09,,"2,059.09",0
2006M01,SGP,1792.92,,"1,792.92",0
2006M02,SGP,1916.39,,"1,916.39",0
2006M03,SGP,2238.7,,"2,238.70",0
2006M04,SGP,2017.21,,"2,017.21",0
2006M05,SGP,2220.37,,"2,220.37",0
2006M06,SGP,2316.03,,"2,316.03",0
2006M07,SGP,1977.19,,"1,977.19",0
2006M08,SGP,2265.67,,"2,265.67",0
2006M09,SGP,2517.01,,"2,517.01",0
2006M10,SGP,2365.64,,"2,365.64",0
2006M11,SGP,2334.65,,"2,334.65",0
2006M12,SGP,2552.07,,"2,552.07",0
2007M01,SGP,2747.8,,"2,747.80",0
2007M02,SGP,1864.58,,"1,864.58",0
2007M03,SGP,2376.05,,"2,376.05",0
2007M04,SGP,2332.41,,"2,332.41",0
2007M05,SGP,2244.79,,"2,244.79",0
2007M06,SGP,2399.07,,"2,399.07",0
2007M07,SGP,2351.72,,"2,351.72",0
2007M08,SGP,2521.23,,"2,521.23",0
2007M09,SGP,2452.72,,"2,452.72",0
2007M10,SGP,2622.92,,"2,622.92",0
2007M11,SGP,2594.9,,"2,594.90",0
2007M12,SGP,2419.01,,"2,419.01",0
2008M01,SGP,2803.47,,"2,803.47",0
2008M02,SGP,2210.66,,"2,210.66",0
2008M03,SGP,2504.05,,"2,504.05",0
2008M04,SGP,2910.97,,"2,910.97",0
2008M05,SGP,2818.45,,"2,818.45",0
2008M06,SGP,2879.01,,"2,879.01",0
2008M07,SGP,3211.89,,"3,211.89",0
2008M08,SGP,2799.4,,"2,799.40",0
2008M09,SGP,2829.16,,"2,829.16",0
2008M10,SGP,2305.16,,"2,305.16",0
2008M11,SGP,1801.04,,"1,801.04",0
2008M12,SGP,2051.65,,"2,051.65",0
2009M01,SGP,1307.43,,"1,307.43",0
2009M02,SGP,1786.2,,"1,786.20",0
2009M03,SGP,2220.28,,"2,220.28",0
2009M04,SGP,2150.44,,"2,150.44",0
2009M05,SGP,2052.27,,"2,052.27",0
2009M06,SGP,2049.04,,"2,049.04",0
2009M07,SGP,2298.02,,"2,298.02",0
2009M08,SGP,2086.52,,"2,086.52",0
2009M09,SGP,2485.11,,"2,485.11",0
2009M10,SGP,2422.41,,"2,422.41",0
2009M11,SGP,2593,,"2,593.00",0
2009M12,SGP,2905.82,,"2,905.82",0
2010M01,SGP,2884.63,,"2,884.63",0
2010M02,SGP,2245.47,,"2,245.47",0
2010M03,SGP,3076.82,,"3,076.82",0
2010M04,SGP,2766.3,,"2,766.30",0
2010M05,SGP,3151.88,,"3,151.88",0
2010M06,SGP,3050.41,,"3,050.41",0
2010M07,SGP,2972.4,,"2,972.40",0
2010M08,SGP,2924.5,,"2,924.50",0
2010M09,SGP,3170.7,,"3,170.70",0
2010M10,SGP,3201.18,,"3,201.18",0
2010M11,SGP,3384.76,,"3,384.76",0
2010M12,SGP,3666.51,,"3,666.51",0
2011M01,SGP,3685.78,,"3,685.78",0
2011M02,SGP,2752.77,,"2,752.77",0
2011M03,SGP,3544.98,,"3,544.98",0
2011M04,SGP,3311.62,,"3,311.62",0
2011M05,SGP,3555.39,,"3,555.39",0
2011M06,SGP,3664.91,,"3,664.91",0
2011M07,SGP,3426.35,,"3,426.35",0
2011M08,SGP,3911.86,,"3,911.86",0
2011M09,SGP,3724.21,,"3,724.21",0
2011M10,SGP,3721.44,,"3,721.44",0
2011M11,SGP,3701.21,,"3,701.21",0
2011M12,SGP,3763.47,,"3,763.47",0
2012M01,SGP,3154.66,,"3,154.66",0
2012M02,SGP,3448.75,,"3,448.75",0
2012M03,SGP,3502.16,,"3,502.16",0
2012M04,SGP,3466.49,,"3,466.49",0
2012M05,SGP,3832.21,,"3,832.21",0
2012M06,SGP,3609.92,,"3,609.92",0
2012M07,SGP,3664.48,,"3,664.48",0
2012M08,SGP,3557.08,,"3,557.08",0
2012M09,SGP,3607.84,,"3,607.84",0
2012M10,SGP,4058.64,,"4,058.64",0
2012M11,SGP,4274.28,,"4,274.28",0
2012M12,SGP,3894.37,,"3,894.37",0
2013M01,SGP,3704.81,,"3,704.81",0
2013M02,SGP,2976.25,,"2,976.25",0
2013M03,SGP,3448.24,,"3,448.24",0
2013M04,SGP,4034.11,,"4,034.11",0
2013M05,SGP,3842.6,,"3,842.60",0
2013M06,SGP,3607.77,,"3,607.77",0
2013M07,SGP,4188.97,,"4,188.97",0
2013M08,SGP,4234.97,,"4,234.97",0
2013M09,SGP,4271.82,,"4,271.82",0
2013M10,SGP,4995.52,,"4,995.52",0
2013M11,SGP,4370.72,,"4,370.72",0
2013M12,SGP,4861.67,,"4,861.67",0
2014M01,SGP,3948.25,,"3,948.25",0
2014M02,SGP,3736.02,,"3,736.02",0
2014M03,SGP,4333.22,,"4,333.22",0
2014M04,SGP,4437.77,,"4,437.77",0
2014M05,SGP,4327.17,,"4,327.17",0
2014M06,SGP,4099.34,,"4,099.34",0
2014M07,SGP,4323.03,,"4,323.03",0
2014M08,SGP,4167.39,,"4,167.39",0
2014M09,SGP,4715.26,,"4,715.26",0
2014M10,SGP,4686.37,,"4,686.37",0
2014M11,SGP,4335.45,,"4,335.45",0
2014M12,SGP,4361.79,,"4,361.79",0
2015M01,SGP,4365.1,,"4,365.10",0
2015M02,SGP,3055.53,,"3,055.53",0
2015M03,SGP,3947.97,,"3,947.97",0
2015M04,SGP,4125.68,,"4,125.68",0
2015M05,SGP,4246.06,,"4,246.06",0
2015M06,SGP,4175.4,,"4,175.40",0
2015M07,SGP,4246.16,,"4,246.16",0
2015M08,SGP,3564.53,,"3,564.53",0
2015M09,SGP,4017.64,,"4,017.64",0
2015M10,SGP,4589.95,,"4,589.95",0
2015M11,SGP,4298.52,,"4,298.52",0
2015M12,SGP,3621.33,,"3,621.33",0
2016M01,SGP,3280.33,,"3,280.33",0
2016M02,SGP,2839.61,,"2,839.61",0
2016M03,SGP,3306.2,,"3,306.20",0
2016M04,SGP,3512.51,,"3,512.51",0
2016M05,SGP,3311.84,,"3,311.84",0
2016M06,SGP,3505.53,,"3,505.53",0
2016M07,SGP,3590.67,,"3,590.67",0
2016M08,SGP,3258.24,,"3,258.24",0
2016M09,SGP,3715.17,,"3,715.17",0
2016M10,SGP,3888.69,,"3,888.69",0
2016M11,SGP,4028.45,,"4,028.45",0
2016M12,SGP,4011.95,,"4,011.95",0
2017M01,SGP,3807.93,,"3,807.93",0
2017M02,SGP,3963.39,,"3,963.39",0
2017M03,SGP,4504.87,,"4,504.87",0
2017M04,SGP,4272.99,,"4,272.99",0
2017M05,SGP,4516.61,,"4,516.61",0
2017M06,SGP,4607.53,,"4,607.53",0
2017M07,SGP,4601.07,,"4,601.07",0
2017M08,SGP,4809.21,,"4,809.21",0
2017M09,SGP,4289.79,,"4,289.79",0
2017M10,SGP,4928.75,,"4,928.75",0
2017M11,SGP,4910.32,,"4,910.32",0
2017M12,SGP,4658.41,,"4,658.41",0
2018M01,SGP,4307.38,,"4,307.38",0
2018M02,SGP,3520.53,,"3,520.53",0
2018M03,SGP,4113.99,,"4,113.99",0
2018M04,SGP,4460.37,,"4,460.37",0
2018M05,SGP,4625.61,,"4,625.61",0
2018M06,SGP,4085.63,,"4,085.63",0
2018M07,SGP,4452.38,,"4,452.38",0
2018M08,SGP,4274.48,,"4,274.48",0
2018M09,SGP,3654.56,,"3,654.56",0
2018M10,SGP,4465.2,,"4,465.20",0
2018M11,SGP,4459.22,,"4,459.22",0
2018M12,SGP,4199.83,,"4,199.83",0
2019M01,SGP,3715.71,,"3,715.71",0
2019M02,SGP,4340.17,,"4,340.17",0
2019M03,SGP,3920.52,,"3,920.52",0
2019M04,SGP,4372.71,,"4,372.71",0
2019M05,SGP,4063.84,,"4,063.84",0
2019M06,SGP,3876.43,,"3,876.43",0
2019M07,SGP,4249.27,,"4,249.27",0
2019M08,SGP,5144.9,,"5,144.90",0
2019M09,SGP,4009.9,,"4,009.90",0
2019M10,SGP,4158.43,,"4,158.43",0
2019M11,SGP,4651.75,,"4,651.75",0
2019M12,SGP,5159.06,,"5,159.06",0
2000M01,THA,226.81,,226.81,0
2000M02,THA,218.55,,218.55,0
2000M03,THA,258,,258,0
2000M04,THA,177.85,,177.85,0
2000M05,THA,189.31,,189.31,0
2000M06,THA,200.68,,200.68,0
2000M07,THA,224.71,,224.71,0
2000M08,THA,238.25,,238.25,0
2000M09,THA,192.58,,192.58,0
2000M10,THA,273.27,,273.27,0
2000M11,THA,308.06,,308.06,0
2000M12,THA,298.08,,298.08,0
2001M01,THA,223.4,,223.4,0
2001M02,THA,216.53,,216.53,0
2001M03,THA,230.7,,230.7,0
2001M04,THA,217.13,,217.13,0
2001M05,THA,254.21,,254.21,0
2001M06,THA,206.88,,206.88,0
2001M07,THA,219.49,,219.49,0
2001M08,THA,268.3,,268.3,0
2001M09,THA,265.09,,265.09,0
2001M10,THA,268.62,,268.62,0
2001M11,THA,247.61,,247.61,0
2001M12,THA,244.76,,244.76,0
2002M01,THA,224.26,,224.26,0
2002M02,THA,230.53,,230.53,0
2002M03,THA,247.62,,247.62,0
2002M04,THA,227.67,,227.67,0
2002M05,THA,249.54,,249.54,0
2002M06,THA,281.72,,281.72,0
2002M07,THA,290.43,,290.43,0
2002M08,THA,264.36,,264.36,0
2002M09,THA,367.57,,367.57,0
2002M10,THA,354.44,,354.44,0
2002M11,THA,426.14,,426.14,0
2002M12,THA,388.61,,388.61,0
2003M01,THA,387.07,,387.07,0
2003M02,THA,467.41,,467.41,0
2003M03,THA,470.85,,470.85,0
2003M04,THA,406.65,,406.65,0
2003M05,THA,412.25,,412.25,0
2003M06,THA,500.38,,500.38,0
2003M07,THA,446.03,,446.03,0
2003M08,THA,463.44,,463.44,0
2003M09,THA,478.47,,478.47,0
2003M10,THA,526.07,,526.07,0
2003M11,THA,556.71,,556.71,0
2003M12,THA,591.87,,591.87,0
2004M01,THA,565.83,,565.83,0
2004M02,THA,541.16,,541.16,0
2004M03,THA,538.72,,538.72,0
2004M04,THA,509.45,,509.45,0
2004M05,THA,521.11,,521.11,0
2004M06,THA,561.93,,561.93,0
2004M07,THA,555.92,,555.92,0
2004M08,THA,582.71,,582.71,0
2004M09,THA,662,,662,0
2004M10,THA,663.48,,663.48,0
2004M11,THA,710.46,,710.46,0
2004M12,THA,684.84,,684.84,0
2005M01,THA,597.8,,597.8,0
2005M02,THA,554.52,,554.52,0
2005M03,THA,757.5,,757.5,0
2005M04,THA,652.81,,652.81,0
2005M05,THA,715.67,,715.67,0
2005M06,THA,683.38,,683.38,0
2005M07,THA,830.18,,830.18,0
2005M08,THA,902.32,,902.32,0
2005M09,THA,842.33,,842.33,0
2005M10,THA,813.24,,813.24,0
2005M11,THA,862.77,,862.77,0
2005M12,THA,892.63,,892.63,0
2006M01,THA,889.51,,889.51,0
2006M02,THA,777.82,,777.82,0
2006M03,THA,916.47,,916.47,0
2006M04,THA,779.71,,779.71,0
2006M05,THA,893.32,,893.32,0
2006M06,THA,920.94,,920.94,0
2006M07,THA,1024.78,,"1,024.78",0
2006M08,THA,1076.51,,"1,076.51",0
2006M09,THA,1050.28,,"1,050.28",0
2006M10,THA,1061.37,,"1,061.37",0
2006M11,THA,1273.49,,"1,273.49",0
2006M12,THA,1146.22,,"1,146.22",0
2007M01,THA,947.04,,947.04,0
2007M02,THA,991.84,,991.84,0
2007M03,THA,1148.54,,"1,148.54",0
2007M04,THA,1053.56,,"1,053.56",0
2007M05,THA,1240.4,,"1,240.40",0
2007M06,THA,1187.87,,"1,187.87",0
2007M07,THA,1234.65,,"1,234.65",0
2007M08,THA,1393.94,,"1,393.94",0
2007M09,THA,1318.27,,"1,318.27",0
2007M10,THA,1401.75,,"1,401.75",0
2007M11,THA,1485.85,,"1,485.85",0
2007M12,THA,1440.59,,"1,440.59",0
2008M01,THA,1402.98,,"1,402.98",0
2008M02,THA,1344.92,,"1,344.92",0
2008M03,THA,1455.56,,"1,455.56",0
2008M04,THA,1389.12,,"1,389.12",0
2008M05,THA,1366.11,,"1,366.11",0
2008M06,THA,1391.48,,"1,391.48",0
2008M07,THA,1649.41,,"1,649.41",0
2008M08,THA,1426.5,,"1,426.50",0
2008M09,THA,1384.94,,"1,384.94",0
2008M10,THA,1442.58,,"1,442.58",0
2008M11,THA,915.77,,915.77,0
2008M12,THA,859.58,,859.58,0
2009M01,THA,818.84,,818.84,0
2009M02,THA,910.35,,910.35,0
2009M03,THA,1188.22,,"1,188.22",0
2009M04,THA,1216.75,,"1,216.75",0
2009M05,THA,1274.67,,"1,274.67",0
2009M06,THA,1400.56,,"1,400.56",0
2009M07,THA,1302.25,,"1,302.25",0
2009M08,THA,1463.67,,"1,463.67",0
2009M09,THA,1469.1,,"1,469.10",0
2009M10,THA,1500.36,,"1,500.36",0
2009M11,THA,1661.99,,"1,661.99",0
2009M12,THA,1865.03,,"1,865.03",0
2010M01,THA,1606.66,,"1,606.66",0
2010M02,THA,1606.25,,"1,606.25",0
2010M03,THA,1822.62,,"1,822.62",0
2010M04,THA,1543.81,,"1,543.81",0
2010M05,THA,1718.74,,"1,718.74",0
2010M06,THA,1746.36,,"1,746.36",0
2010M07,THA,1683.81,,"1,683.81",0
2010M08,THA,1818.86,,"1,818.86",0
2010M09,THA,1931.77,,"1,931.77",0
2010M10,THA,1936.52,,"1,936.52",0
2010M11,THA,1995.79,,"1,995.79",0
2010M12,THA,2067.66,,"2,067.66",0
2011M01,THA,1806.87,,"1,806.87",0
2011M02,THA,2061.42,,"2,061.42",0
2011M03,THA,2347.13,,"2,347.13",0
2011M04,THA,1875.62,,"1,875.62",0
2011M05,THA,2075.39,,"2,075.39",0
2011M06,THA,2182.49,,"2,182.49",0
2011M07,THA,2446.35,,"2,446.35",0
2011M08,THA,2669.49,,"2,669.49",0
2011M09,THA,2436.91,,"2,436.91",0
2011M10,THA,2254.24,,"2,254.24",0
2011M11,THA,1794.53,,"1,794.53",0
2011M12,THA,2018.16,,"2,018.16",0
2012M01,THA,1808.43,,"1,808.43",0
2012M02,THA,2200.2,,"2,200.20",0
2012M03,THA,2357.75,,"2,357.75",0
2012M04,THA,2157.44,,"2,157.44",0
2012M05,THA,2517.12,,"2,517.12",0
2012M06,THA,2249.01,,"2,249.01",0
2012M07,THA,2195.15,,"2,195.15",0
2012M08,THA,2334.78,,"2,334.78",0
2012M09,THA,2148.49,,"2,148.49",0
2012M10,THA,2116.15,,"2,116.15",0
2012M11,THA,2380.44,,"2,380.44",0
2012M12,THA,2237.33,,"2,237.33",0
2013M01,THA,2217.77,,"2,217.77",0
2013M02,THA,2213.29,,"2,213.29",0
2013M03,THA,2406.6,,"2,406.60",0
2013M04,THA,2041.91,,"2,041.91",0
2013M05,THA,2065.04,,"2,065.04",0
2013M06,THA,1821.89,,"1,821.89",0
2013M07,THA,2071.83,,"2,071.83",0
2013M08,THA,2340.52,,"2,340.52",0
2013M09,THA,2132.54,,"2,132.54",0
2013M10,THA,2420.48,,"2,420.48",0
2013M11,THA,2539.46,,"2,539.46",0
2013M12,THA,2534.45,,"2,534.45",0
2014M01,THA,2134.72,,"2,134.72",0
2014M02,THA,2214.14,,"2,214.14",0
2014M03,THA,2119.45,,"2,119.45",0
2014M04,THA,1832.64,,"1,832.64",0
2014M05,THA,2000.32,,"2,000.32",0
2014M06,THA,1946.15,,"1,946.15",0
2014M07,THA,2076.18,,"2,076.18",0
2014M08,THA,2038.73,,"2,038.73",0
2014M09,THA,2084.85,,"2,084.85",0
2014M10,THA,2208.57,,"2,208.57",0
2014M11,THA,2072.13,,"2,072.13",0
2014M12,THA,2097.39,,"2,097.39",0
2015M01,THA,1745.19,,"1,745.19",0
2015M02,THA,1871.14,,"1,871.14",0
2015M03,THA,1935.71,,"1,935.71",0
2015M04,THA,1865.33,,"1,865.33",0
2015M05,THA,2010.72,,"2,010.72",0
2015M06,THA,1915.84,,"1,915.84",0
2015M07,THA,1984.42,,"1,984.42",0
2015M08,THA,1994.54,,"1,994.54",0
2015M09,THA,2044.3,,"2,044.30",0
2015M10,THA,2150.86,,"2,150.86",0
2015M11,THA,1949.27,,"1,949.27",0
2015M12,THA,1888.95,,"1,888.95",0
2016M01,THA,1631.8,,"1,631.80",0
2016M02,THA,1766.58,,"1,766.58",0
2016M03,THA,1855.69,,"1,855.69",0
2016M04,THA,1745.51,,"1,745.51",0
2016M05,THA,1794.28,,"1,794.28",0
2016M06,THA,1714.62,,"1,714.62",0
2016M07,THA,1775.04,,"1,775.04",0
2016M08,THA,2141.98,,"2,141.98",0
2016M09,THA,2221.2,,"2,221.20",0
2016M10,THA,2182.33,,"2,182.33",0
2016M11,THA,2392.04,,"2,392.04",0
2016M12,THA,2404.2,,"2,404.20",0
2017M01,THA,2165.71,,"2,165.71",0
2017M02,THA,2285.5,,"2,285.50",0
2017M03,THA,2733.52,,"2,733.52",0
2017M04,THA,2130.17,,"2,130.17",0
2017M05,THA,2336.55,,"2,336.55",0
2017M06,THA,2241.83,,"2,241.83",0
2017M07,THA,2300.2,,"2,300.20",0
2017M08,THA,2695.09,,"2,695.09",0
2017M09,THA,2522.27,,"2,522.27",0
2017M10,THA,2562.01,,"2,562.01",0
2017M11,THA,2843.42,,"2,843.42",0
2017M12,THA,2631.16,,"2,631.16",0
2018M01,THA,2466.55,,"2,466.55",0
2018M02,THA,2373.71,,"2,373.71",0
2018M03,THA,2678.3,,"2,678.30",0
2018M04,THA,2552.94,,"2,552.94",0
2018M05,THA,2638.5,,"2,638.50",0
2018M06,THA,2445.28,,"2,445.28",0
2018M07,THA,2321.54,,"2,321.54",0
2018M08,THA,2763.41,,"2,763.41",0
2018M09,THA,2221.06,,"2,221.06",0
2018M10,THA,2627.78,,"2,627.78",0
2018M11,THA,2543.19,,"2,543.19",0
2018M12,THA,2439.3,,"2,439.30",0
2019M01,THA,2041.48,,"2,041.48",0
2019M02,THA,2300.68,,"2,300.68",0
2019M03,THA,2352.35,,"2,352.35",0
2019M04,THA,2413.79,,"2,413.79",0
2019M05,THA,2506.49,,"2,506.49",0
2019M06,THA,2153.56,,"2,153.56",0
2019M07,THA,2535.16,,"2,535.16",0
2019M08,THA,2662.04,,"2,662.04",0
2019M09,THA,2351.55,,"2,351.55",0
2019M10,THA,2549.59,,"2,549.59",0
2019M11,THA,2627.13,,"2,627.13",0
2019M12,THA,2589.66,,"2,589.66",0
2008M01,VNM,378.42,,378.42,0
2008M02,VNM,260.52,,260.52,0
2008M03,VNM,376.43,,376.43,0
2008M04,VNM,400.65,,400.65,0
2008M05,VNM,447.85,,447.85,0
2008M06,VNM,475.59,,475.59,0
2008M07,VNM,509.96,,509.96,0
2008M08,VNM,471.55,,471.55,0
2008M09,VNM,413.69,,413.69,0
2008M10,VNM,400.79,,400.79,0
2008M11,VNM,339.17,,339.17,0
2008M12,VNM,375.48,,375.48,0
2009M01,VNM,310.37,,310.37,0
2009M02,VNM,415.46,,415.46,0
2009M03,VNM,439.61,,439.61,0
2009M04,VNM,355.79,,355.79,0
2009M05,VNM,373.35,,373.35,0
2009M06,VNM,409.35,,409.35,0
2009M07,VNM,413.25,,413.25,0
2009M08,VNM,401.91,,401.91,0
2009M09,VNM,406.2,,406.2,0
2009M10,VNM,452.22,,452.22,0
2009M11,VNM,430.07,,430.07,0
2009M12,VNM,501.41,,501.41,0
2010M01,VNM,473.36,,473.36,0
2010M02,VNM,351.53,,351.53,0
2010M03,VNM,536.62,,536.62,0
2010M04,VNM,530.53,,530.53,0
2010M05,VNM,620.13,,620.13,0
2010M06,VNM,629.28,,629.28,0
2010M07,VNM,614.07,,614.07,0
2010M08,VNM,710.04,,710.04,0
2010M09,VNM,644.14,,644.14,0
2010M10,VNM,662.58,,662.58,0
2010M11,VNM,717.38,,717.38,0
2010M12,VNM,819.13,,819.13,0
2011M01,VNM,812.6,,812.6,0
2011M02,VNM,553.91,,553.91,0
2011M03,VNM,867.58,,867.58,0
2011M04,VNM,865.35,,865.35,0
2011M05,VNM,846.18,,846.18,0
2011M06,VNM,993.19,,993.19,0
2011M07,VNM,1092.05,,"1,092.05",0
2011M08,VNM,1093.08,,"1,093.08",0
2011M09,VNM,953.37,,953.37,0
2011M10,VNM,977.07,,977.07,0
2011M11,VNM,1030.28,,"1,030.28",0
2011M12,VNM,1040.35,,"1,040.35",0
2012M01,VNM,799.13,,799.13,0
2012M02,VNM,930.86,,930.86,0
2012M03,VNM,1065.99,,"1,065.99",0
2012M04,VNM,983.45,,983.45,0
2012M05,VNM,1058.64,,"1,058.64",0
2012M06,VNM,1091.5,,"1,091.50",0
2012M07,VNM,1099.29,,"1,099.29",0
2012M08,VNM,1103.73,,"1,103.73",0
2012M09,VNM,998.82,,998.82,0
2012M10,VNM,1092.95,,"1,092.95",0
2012M11,VNM,1090.65,,"1,090.65",0
2012M12,VNM,1073.22,,"1,073.22",0
2013M01,VNM,1191.92,,"1,191.92",0
2013M02,VNM,738.94,,738.94,0
2013M03,VNM,1065.17,,"1,065.17",0
2013M04,VNM,1003.15,,"1,003.15",0
2013M05,VNM,1168.92,,"1,168.92",0
2013M06,VNM,1101.46,,"1,101.46",0
2013M07,VNM,1150.43,,"1,150.43",0
2013M08,VNM,1174.16,,"1,174.16",0
2013M09,VNM,1097.27,,"1,097.27",0
2013M10,VNM,1240.55,,"1,240.55",0
2013M11,VNM,1183.23,,"1,183.23",0
2013M12,VNM,1144.18,,"1,144.18",0
2014M01,VNM,1166.84,,"1,166.84",0
2014M02,VNM,938.17,,938.17,0
2014M03,VNM,1210.26,,"1,210.26",0
2014M04,VNM,1303.49,,"1,303.49",0
2014M05,VNM,1230.02,,"1,230.02",0
2014M06,VNM,1217.98,,"1,217.98",0
2014M07,VNM,1298.72,,"1,298.72",0
2014M08,VNM,1313.48,,"1,313.48",0
2014M09,VNM,1248.7,,"1,248.70",0
2014M10,VNM,1389.94,,"1,389.94",0
2014M11,VNM,1313.73,,"1,313.73",0
2014M12,VNM,1274.3,,"1,274.30",0
2015M01,VNM,1338.7,,"1,338.70",0
2015M02,VNM,943.94,,943.94,0
2015M03,VNM,1328.8,,"1,328.80",0
2015M04,VNM,1343.6,,"1,343.60",0
2015M05,VNM,1366.62,,"1,366.62",0
2015M06,VNM,1427.72,,"1,427.72",0
2015M07,VNM,1451.25,,"1,451.25",0
2015M08,VNM,1475.2,,"1,475.20",0
2015M09,VNM,1431.54,,"1,431.54",0
2015M10,VNM,1501.82,,"1,501.82",0
2015M11,VNM,1477.53,,"1,477.53",0
2015M12,VNM,1480.97,,"1,480.97",0
2016M01,VNM,1498.1,,"1,498.10",0
2016M02,VNM,1132.19,,"1,132.19",0
2016M03,VNM,1722.19,,"1,722.19",0
2016M04,VNM,1675.03,,"1,675.03",0
2016M05,VNM,1701.88,,"1,701.88",0
2016M06,VNM,1783.61,,"1,783.61",0
2016M07,VNM,1837.91,,"1,837.91",0
2016M08,VNM,2038.92,,"2,038.92",0
2016M09,VNM,1993.73,,"1,993.73",0
2016M10,VNM,2044.44,,"2,044.44",0
2016M11,VNM,2199.04,,"2,199.04",0
2016M12,VNM,2323.4,,"2,323.40",0
2017M01,VNM,2083.36,,"2,083.36",0
2017M02,VNM,1957.26,,"1,957.26",0
2017M03,VNM,2629.02,,"2,629.02",0
2017M04,VNM,2736.82,,"2,736.82",0
2017M05,VNM,2853.63,,"2,853.63",0
2017M06,VNM,2885.57,,"2,885.57",0
2017M07,VNM,2928.48,,"2,928.48",0
2017M08,VNM,3344.33,,"3,344.33",0
2017M09,VNM,3322.43,,"3,322.43",0
2017M10,VNM,3551.88,,"3,551.88",0
2017M11,VNM,3547.5,,"3,547.50",0
2017M12,VNM,3554.03,,"3,554.03",0
2018M01,VNM,3707.89,,"3,707.89",0
2018M02,VNM,1981.35,,"1,981.35",0
2018M03,VNM,2618.6,,"2,618.60",0
2018M04,VNM,2754.92,,"2,754.92",0
2018M05,VNM,2792.91,,"2,792.91",0
2018M06,VNM,2824.26,,"2,824.26",0
2018M07,VNM,3368.33,,"3,368.33",0
2018M08,VNM,4384.78,,"4,384.78",0
2018M09,VNM,4452.2,,"4,452.20",0
2018M10,VNM,4628.14,,"4,628.14",0
2018M11,VNM,4195.63,,"4,195.63",0
2018M12,VNM,3701.13,,"3,701.13",0
2019M01,VNM,2792.36,,"2,792.36",0
2019M02,VNM,1887.76,,"1,887.76",0
2019M03,VNM,2861.71,,"2,861.71",0
2019M04,VNM,2856.08,,"2,856.08",0
2019M05,VNM,3147.48,,"3,147.48",0
2019M06,VNM,3086.86,,"3,086.86",0
2019M07,VNM,3191.24,,"3,191.24",0
2019M08,VNM,4090.37,,"4,090.37",0
2019M09,VNM,4341.26,,"4,341.26",0
2019M10,VNM,4757.76,,"4,757.76",0
2019M11,VNM,4190.57,,"4,190.57",0
2019M12,VNM,4259.08,,"4,259.08",0